,fit_time,score_time,test_score,train_score
Dummy,0.0008494377136230469,0.0008975982666015625,0.6987500000000001,0.6987499999999999
Logistic Regression,0.009926509857177735,0.0021673202514648437,0.7425,0.783125
Random Forest,0.21208534240722657,0.027463769912719725,0.75375,1.0
